DOMAIN,87,2,3,4,5,6,7,8,9,10,11,12,13,14,15,16,17,18,19,20,21,22,23,24,25,26,27,28,29,30,31
DOMAIN,1005,2,3,4,5,6,7,8,9,10,11,12,13,14,15,16,17,18,19,20,21,22,23,24,25,26,27,28,29,30,31
DOMAIN,1236,2,3,4,5,6,7,8,9,10,11,12,13
DOMAIN,2566,2,3,4,5,6,7,8,9,10,11,12,13,14,15,16,17,18,19,20,21,22,23,24,25,26,27,28,29,30,31
DOMAIN,2767,2,3,4,5,6,7,8,9,10,11,12,13
DOMAIN,6864,2,3,4,5,6,7,8,9,10,11,12,13,14,15,17,18,19,20,21,22,23,24,25,26,27,28,29,30,31
DOMAIN,7078,2,3,4,5,6,7,8,9,10,11,12,13,14,15,16,17,18,19,20,21,22,23,24,25,26,27,28,29,30,31
DOMAIN,7675,2,3,4,5,6,7,8,9,10,11,12,13,14,15,17,18,19,20,21,22,23,24,25,26,27,28,29,30,31
DOMAIN,7890,2,3,4,5,6,7,8,9,10,11,12,13
DOMAIN,7894,2,3,4,5,6,7,8,9,10,11,12,13
DOMAIN,8523,2,3,4,5,6,7,8,9,10,11,12,13,14,15,16,17,18,19,20,21,22,23,24,25,26,27,28,29,30,31
DOMAIN,8986,2,3,4,5,6,7,8,9,10,11,12,13,14,15,16,17,18,19,20,21,22,23,24,25,26,27,28,29,30,31
DOMAIN,10265,2,3,4,5,6,7,8,9,10,11,12,13,14,15,16,17,18,19,20,21,22,23,24,25,26,27,28,29,30,31
DOMAIN,11034,2,3,4,5,6,7,8,9,10,11,12,13,14,15,17,18,19,20,21,22,23,24,25,26,27,28,29,30,31
DOMAIN,11910,2,3,4,5,6,7,8,9,10,11,12,13,14,15,16,17,18,19,20,21,22,23,24,25,26,27,28,29,30,31
DOMAIN,11911,2,3,4,5,6,7,8,9,10,11,12,13,14,15,16,17,18,19,20,21,22,23,24,25,26,27,28,29,30,31
DOMAIN,11912,2,3,4,5,6,7,8,9,10,11,12,13,14,15,16,17,18,19,20,21,22,23,24,25,26,27,28,29,30,31
DOMAIN,12508,2,3,4,5,6,7,8,9,10,11,12,13
DOMAIN,14885,2,3,4,5,6,7,8,9,10,11,12,13,14,15,16,17,18,19,20,21,22,23,24,25,26,27,28,29,30,31
DOMAIN,17433,2,3,4,5,6,7,8,9,10,11,12,13,14,18,19,20,21,22,23,24,25,26,27,28,29,30,31
DOMAIN,18283,2,3,4,5,6,7,8,9,10,11,12,13,14,15,16,17,18,19,20,21,22,23,24,25,26,27,28,29,30,31
DOMAIN,21160,2,3,4,5,6,7,8,9,10,11,12,13
DOMAIN,21161,2,3,4,5,6
DOMAIN,21162,2,3,4,5,6
DOMAIN,23422,2,3,4,5,6,7,8,9,10,11,12,13,14,18,19,20,21,22,23,24,25,26,27,28,29,30,31
DOMAIN,24485,2,3,4,5,6,7,8,9,10,11,12,13,14,15,16,17,18,19,20,21,22,23,24,25,26,27,28,29,30,31
DOMAIN,25382,2,3,4,5,6,7,8,9,10,11,12,13,14,15,16,17,18,19,20,21,22,23,24,25,26,27,28,29,30,31
DOMAIN,27507,2,3,4,5,6,7,8,9,10,11,12,13
DOMAIN,29557,2,3,4,5,6,7,8,9,10,11,12,13,14,15,16,17,18,19,20,21,22,23,24,25,26,27,28,29,30,31
DOMAIN,29560,2,3,4,5,6,7,8,9,10,11,12,13,14,15,16,17,18,19,20,21,22,23,24,25,26,27,28,29,30,31
DOMAIN,31368,2,3,4,5,6,7,8,9,10,11,12,13,14,15,16,17,18,19,20,21,22,23,24,25,26,27,28,29,30,31
DOMAIN,31369,2,3,4,5,6,7,8,9,10,11,12,13,14,15,16,17,18,19,20,21,22,23,24,25,26,27,28,29,30,31
DOMAIN,33345,2,3,4,5,6,7,8,9,10,11,12,13
DOMAIN,33722,2,3,4,5,6,7,8,9,10,11,12,13,14,15,16,17,18,19,20,21,22,23,24,25,26,27,28,29,30,31
DOMAIN,35388,2,3,4,5,6,7,8,9,10,11,12,13,14,15,16,17,18,19,20,21,22,23,24,25,26,27,28,29,30,31
DOMAIN,35434,2,3,4,5,6,7,8,9,10,11,12,13,14,15,16,17,18,19,20,21,22,23,24,25,26,27,28,29,30,31
DOMAIN,35645,2,3,4,5,6,7,8,9,10,11,12,13
DOMAIN,35666,2,3,4,5,6,7,8,9,10,11,12,13,14,15,17,18,19,20,21,22,23,24,25,26,27,28,29,30,31
DOMAIN,35685,2,3,4,5,6,7,8,9,10,11,12,13
DOMAIN,35841,2,3,4,5,6,7,8,9,10,11,12,13,14,18,19,20,21,22,23,24,25,26,27,28,29,30,31
DOMAIN,35954,2,3,4,5,6,7,8,9,10,11,12,13
DOMAIN,37099,2,3,4,5,6,7,8,9,10,11,12,13,14,15,16,17,18,19,20,21,22,23,24,25,26,27,28,29,30,31
DOMAIN,38214,2,3,4,5,6,7,8,9,10,11,12,13,14,15,16,17,18,19,20,21,22,23,24,25,26,27,28,29,30,31
DOMAIN,40446,2,3,4,5,6,7,8,9,10,11,12,13
DOMAIN,47973,2,3,4,5,6,7,8,9,10,11,12,13
DOMAIN,47975,2,3,4,5,6,7,8,9,10,11,12,13,14,15,16,17,18,19,20,21,22,23,24,25,26,27,28,29,30,31
DOMAIN,47987,2,3,4,5,6,7,8,9,10,11,12,13,14,15,16,17,18,19,20,21,22,23,24,25,26,27,28,29,30,31
DOMAIN,48003,2,3,4,5,6
DOMAIN,49273,2,3,4,5,6
DOMAIN,49324,2,3,4,5,6,7,8,9,10,11,12,13,14,18,19,20,21,22,23,24,25,26,27,28,29,30,31
DOMAIN,50170,2,3,4,5,6,7,8,9,10,11,12,13,14,15,16,17,18,19,20,21,22,23,24,25,26,27,28,29,30,31
DOMAIN,50182,2,3,4,5,6,7,8,9,10,11,12,13,14,15,16,17,18,19,20,21,22,23,24,25,26,27,28,29,30,31
DOMAIN,50194,2,3,4,5,6,7,8,9,10,11,12,13
DOMAIN,50198,2,3,4,5,6,7,8,9,10,11,12,13,14,15,16,17,18,19,20,21,22,23,24,25,26,27,28,29,30,31
DOMAIN,50205,2,3,4,5,6,7,8,9,10,11,12,13
DOMAIN,51101,2,3,4,5,6,7,8,9,10,11,12,13,14,15,16,17,18,19,20,21,22,23,24,25,26,27,28,29,30,31
DOMAIN,51466,2,3,4,5,6,7,8,9,10,11,12,13
DOMAIN,51517,2,3,4,5,6,7,8,9,10,11,12,13,14,18,19,20,21,22,23,24,25,26,27,28,29,30,31
DOMAIN,52420,2,3,4,5,6,7,8,9,10,11,12,13,14,15,16,17,18,19,20,21,22,23,24,25,26,27,28,29,30,31
DOMAIN,54420,2,3,4,5,6,7,8,9,10,11,12,13,14,15,16,17,18,19,20,21,22,23,24,25,26,27,28,29,30,31
DOMAIN,57431,2,3,4,5,6,7,8,9,10,11,12,13,14,15,16,17,18,19,20,21,22,23,24,25,26,27,28,29,30,31
DOMAIN,59439,2,3,4,5,6,7,8,9,10,11,12,13
DOMAIN,60353,2,3,4,5,6,7,8,9,10,11,12,13,14,15,16,17,18,19,20,21,22,23,24,25,26,27,28,29,30,31
DOMAIN,60354,2,3,4,5,6,7,8,9,10,11,12,13,14,15,16,17,18,19,20,21,22,23,24,25,26,27,28,29,30,31
DOMAIN,60675,2,3,4,5,6,7,8,9,10,11,12,13,14,15,16,17,18,19,20,21,22,23,24,25,26,27,28,29,30,31
DOMAIN,60683,2,3,4,5,6,7,8,9,10,11,12,13
DOMAIN,63160,2,3,4,5,6,7,8,9,10,11,12,13
DOMAIN,65355,2,3,4,5,6,7,8,9,10,11,12,13,14,15,16,17,18,19,20,21,22,23,24,25,26,27,28,29,30,31
DOMAIN,65370,2,3,4,5,6,7,8,9,10,11,12,13,14,15,17,18,19,20,21,22,23,24,25,26,27,28,29,30,31
DOMAIN,65522,2,3,4,5,6,7,8,9,10,11,12,13
DOMAIN,65523,2,3,4,5,6,7,8,9,10,11,12,13,14,15,16,17,18,19,20,21,22,23,24,25,26,27,28,29,30,31
DOMAIN,65535,2,3,4,5,6,7,8,9,10,11,12,13
DOMAIN,66195,2,3,4,5,6,7,8,9,10,11,12,13
DOMAIN,66222,2,3,4,5,6,7,8,9,10,11,12,13,14,15,16,17,18,19,20,21,22,23,24,25,26,27,28,29,30,31
DOMAIN,66413,2,3,4,5,6,7,8,9,10,11,12,13,14,15,16,17,18,19,20,21,22,23,24,25,26,27,28,29,30,31
DOMAIN,66414,2,3,4,5,6
DOMAIN,66415,2,3,4,5,6,7,8,9,10,11,12,13
DOMAIN,66416,2,3,4,5,6,7,8,9,10,11,12,13
DOMAIN,66469,2,3,4,5,6,7,8,9,10,11,12,13,14,15,16,17,18,19,20,21,22,23,24,25,26,27,28,29,30,31
DOMAIN,67347,2,3,4,5,6,7,8,9,10,11,12,13,14,15,16,17,18,19,20,21,22,23,24,25,26,27,28,29,30,31
DOMAIN,67999,2,3,4,5,6,7,8,9,10,11,12,13,14,15,16,17,18,19,20,21,22,23,24,25,26,27,28,29,30,31
DOMAIN,72054,2,3,4,5,6,7,8,9,10,11,12,13
DOMAIN,72348,2,3,4,5,6,7,8,9,10,11,12,13
DOMAIN,72358,2,3,4,5,6,7,8,9,10,11,12,13,14,15,16,17,18,19,20,21,22,23,24,25,26,27,28,29,30,31
DOMAIN,72359,2,3,4,5,6,7,8,9,10,11,12,13,14,15,16,17,18,19,20,21,22,23,24,25,26,27,28,29,30,31
DOMAIN,72361,2,3,4,5,6,7,8,9,10,11,12,13
DOMAIN,72362,2,3,4,5,6,7,8,9,10,11,12,13
DOMAIN,73701,2,3,4,5,6,7,8,9,10,11,12,13,14,18,19,20,21,22,23,24,25,26,27,28,29,30,31
DOMAIN,77063,2,3,4,5,6,7,8,9,10,11,12,13,14,15,16,17,18,19,20,21,22,23,24,25,26,27,28,29,30,31
DOMAIN,77480,2,3,4,5,6,7,8,9,10,11,12,13,14,15,16,17,18,19,20,21,22,23,24,25,26,27,28,29,30,31
DOMAIN,78322,2,3,4,5,6,7,8,9,10,11,12,13,14,15,16,17,18,19,20,21,22,23,24,25,26,27,28,29,30,31
DOMAIN,79258,2,3,4,5,6,7,8,9,10,11,12,13,14,15,16,17,18,19,20,21,22,23,24,25,26,27,28,29,30,31
DOMAIN,83181,2,3,4,5,6,7,8,9,10,11,12,13,14,15,16,17,18,19,20,21,22,23,24,25,26,27,28,29,30,31
DOMAIN,83715,2,3,4,5,6,7,8,9,10,11,12,13,14,15,16,17,18,19,20,21,22,23,24,25,26,27,28,29,30,31
DOMAIN,84225,2,3,4,5,6,7,8,9,10,11,12,13,14,15,16,17,18,19,20,21,22,23,24,25,26,27,28,29,30,31
DOMAIN,86532,2,3,4,5,6,7,8,9,10,11,12,13,14,15,16,17,18,19,20,21,22,23,24,25,26,27,28,29,30,31
DOMAIN,162115,2,3,4,5,6,7,8,9,10,11,12,13,14,15,16,17,18,19,20,21,22,23,24,25,26,27,28,29,30,31
DOMAIN,166332,2,3,4,5,6,7,8,9,10,11,12,13,14,15,16,17,18,19,20,21,22,23,24,25,26,27,28,29,30,31
DOMAIN,168560,2,3,4,5,6,7,8,9,10,11,12,13,14,15,17,18,19,20,21,22,23,24,25,26,27,28,29,30,31
DOMAIN,190120,2,3,4,5,6,7,8,9,10,11,12,13,14,15,16,17,18,19,20,21,22,23,24,25,26,27,28,29,30,31
